cohort,case,worlds,instructions,bits,value,zero_value,certificate_nodes
correlations,correlation-001,1,6,1,0,0,15
correlations,correlation-002,1,6,1,0,1,15
correlations,correlation-003,2,6,1,1,1,15
correlations,correlation-004,1,6,1,0,1,15
correlations,correlation-005,2,6,1,1,1,15
correlations,correlation-006,2,6,1,1,1,15
correlations,correlation-007,3,6,1,1,1,15
correlations,correlation-008,1,6,1,0,2,15
correlations,correlation-009,2,6,1,1,2,15
correlations,correlation-010,2,6,1,1,2,15
correlations,correlation-011,3,6,1,1,2,15
correlations,correlation-012,2,6,1,1,2,15
correlations,correlation-013,3,6,1,1,2,15
correlations,correlation-014,3,6,1,1,2,15
correlations,correlation-015,4,6,1,2,2,15
correlations,correlation-016,1,6,1,0,1,15
correlations,correlation-017,2,6,1,1,1,15
correlations,correlation-018,2,6,1,1,1,15
correlations,correlation-019,3,6,1,1,1,15
correlations,correlation-020,2,6,1,1,1,15
correlations,correlation-021,3,6,1,1,1,15
correlations,correlation-022,3,6,1,1,1,15
correlations,correlation-023,4,6,1,1,1,15
correlations,correlation-024,2,6,1,2,2,15
correlations,correlation-025,3,6,1,2,2,15
correlations,correlation-026,3,6,1,2,2,15
correlations,correlation-027,4,6,1,2,2,15
correlations,correlation-028,3,6,1,2,2,15
correlations,correlation-029,4,6,1,2,2,15
correlations,correlation-030,4,6,1,2,2,15
correlations,correlation-031,5,6,1,2,2,15
correlations,correlation-032,1,6,1,0,2,15
correlations,correlation-033,2,6,1,1,2,15
correlations,correlation-034,2,6,1,1,2,15
correlations,correlation-035,3,6,1,1,2,15
correlations,correlation-036,2,6,1,2,2,15
correlations,correlation-037,3,6,1,2,2,15
correlations,correlation-038,3,6,1,2,2,15
correlations,correlation-039,4,6,1,2,2,15
correlations,correlation-040,2,6,1,1,2,15
correlations,correlation-041,3,6,1,1,2,15
correlations,correlation-042,3,6,1,1,2,15
correlations,correlation-043,4,6,1,1,2,15
correlations,correlation-044,3,6,1,2,2,15
correlations,correlation-045,4,6,1,2,2,15
correlations,correlation-046,4,6,1,2,2,15
correlations,correlation-047,5,6,1,2,2,15
correlations,correlation-048,2,6,1,1,2,15
correlations,correlation-049,3,6,1,1,2,15
correlations,correlation-050,3,6,1,1,2,15
correlations,correlation-051,4,6,1,2,2,15
correlations,correlation-052,3,6,1,2,2,15
correlations,correlation-053,4,6,1,2,2,15
correlations,correlation-054,4,6,1,2,2,15
correlations,correlation-055,5,6,1,2,2,15
correlations,correlation-056,3,6,1,2,2,15
correlations,correlation-057,4,6,1,2,2,15
correlations,correlation-058,4,6,1,2,2,15
correlations,correlation-059,5,6,1,2,2,15
correlations,correlation-060,4,6,1,2,2,15
correlations,correlation-061,5,6,1,2,2,15
correlations,correlation-062,5,6,1,2,2,15
correlations,correlation-063,6,6,1,2,2,15
correlations,correlation-064,1,6,1,0,2,15
correlations,correlation-065,2,6,1,1,2,15
correlations,correlation-066,2,6,1,2,2,15
correlations,correlation-067,3,6,1,2,2,15
correlations,correlation-068,2,6,1,1,2,15
correlations,correlation-069,3,6,1,1,2,15
correlations,correlation-070,3,6,1,2,2,15
correlations,correlation-071,4,6,1,2,2,15
correlations,correlation-072,2,6,1,1,2,15
correlations,correlation-073,3,6,1,1,2,15
correlations,correlation-074,3,6,1,2,2,15
correlations,correlation-075,4,6,1,2,2,15
correlations,correlation-076,3,6,1,1,2,15
correlations,correlation-077,4,6,1,1,2,15
correlations,correlation-078,4,6,1,2,2,15
correlations,correlation-079,5,6,1,2,2,15
correlations,correlation-080,2,6,1,1,2,15
correlations,correlation-081,3,6,1,1,2,15
correlations,correlation-082,3,6,1,2,2,15
correlations,correlation-083,4,6,1,2,2,15
correlations,correlation-084,3,6,1,1,2,15
correlations,correlation-085,4,6,1,2,2,15
correlations,correlation-086,4,6,1,2,2,15
correlations,correlation-087,5,6,1,2,2,15
correlations,correlation-088,3,6,1,2,2,15
correlations,correlation-089,4,6,1,2,2,15
correlations,correlation-090,4,6,1,2,2,15
correlations,correlation-091,5,6,1,2,2,15
correlations,correlation-092,4,6,1,2,2,15
correlations,correlation-093,5,6,1,2,2,15
correlations,correlation-094,5,6,1,2,2,15
correlations,correlation-095,6,6,1,2,2,15
correlations,correlation-096,2,6,1,1,2,15
correlations,correlation-097,3,6,1,1,2,15
correlations,correlation-098,3,6,1,2,2,15
correlations,correlation-099,4,6,1,2,2,15
correlations,correlation-100,3,6,1,2,2,15
correlations,correlation-101,4,6,1,2,2,15
correlations,correlation-102,4,6,1,2,2,15
correlations,correlation-103,5,6,1,2,2,15
correlations,correlation-104,3,6,1,1,2,15
correlations,correlation-105,4,6,1,2,2,15
correlations,correlation-106,4,6,1,2,2,15
correlations,correlation-107,5,6,1,2,2,15
correlations,correlation-108,4,6,1,2,2,15
correlations,correlation-109,5,6,1,2,2,15
correlations,correlation-110,5,6,1,2,2,15
correlations,correlation-111,6,6,1,2,2,15
correlations,correlation-112,3,6,1,1,2,15
correlations,correlation-113,4,6,1,1,2,15
correlations,correlation-114,4,6,1,2,2,15
correlations,correlation-115,5,6,1,2,2,15
correlations,correlation-116,4,6,1,2,2,15
correlations,correlation-117,5,6,1,2,2,15
correlations,correlation-118,5,6,1,2,2,15
correlations,correlation-119,6,6,1,2,2,15
correlations,correlation-120,4,6,1,2,2,15
correlations,correlation-121,5,6,1,2,2,15
correlations,correlation-122,5,6,1,2,2,15
correlations,correlation-123,6,6,1,2,2,15
correlations,correlation-124,5,6,1,2,2,15
correlations,correlation-125,6,6,1,2,2,15
correlations,correlation-126,6,6,1,2,2,15
correlations,correlation-127,7,6,1,2,2,15
correlations,correlation-128,1,6,1,0,3,15
correlations,correlation-129,2,6,1,2,3,15
correlations,correlation-130,2,6,1,1,3,15
correlations,correlation-131,3,6,1,2,3,15
correlations,correlation-132,2,6,1,1,3,15
correlations,correlation-133,3,6,1,2,3,15
correlations,correlation-134,3,6,1,1,3,15
correlations,correlation-135,4,6,1,2,3,15
correlations,correlation-136,2,6,1,1,3,15
correlations,correlation-137,3,6,1,2,3,15
correlations,correlation-138,3,6,1,1,3,15
correlations,correlation-139,4,6,1,2,3,15
correlations,correlation-140,3,6,1,1,3,15
correlations,correlation-141,4,6,1,2,3,15
correlations,correlation-142,4,6,1,1,3,15
correlations,correlation-143,5,6,1,2,3,15
correlations,correlation-144,2,6,1,1,3,15
correlations,correlation-145,3,6,1,2,3,15
correlations,correlation-146,3,6,1,1,3,15
correlations,correlation-147,4,6,1,2,3,15
correlations,correlation-148,3,6,1,1,3,15
correlations,correlation-149,4,6,1,2,3,15
correlations,correlation-150,4,6,1,2,3,15
correlations,correlation-151,5,6,1,2,3,15
correlations,correlation-152,3,6,1,2,3,15
correlations,correlation-153,4,6,1,2,3,15
correlations,correlation-154,4,6,1,2,3,15
correlations,correlation-155,5,6,1,2,3,15
correlations,correlation-156,4,6,1,2,3,15
correlations,correlation-157,5,6,1,2,3,15
correlations,correlation-158,5,6,1,2,3,15
correlations,correlation-159,6,6,1,2,3,15
correlations,correlation-160,2,6,1,1,3,15
correlations,correlation-161,3,6,1,2,3,15
correlations,correlation-162,3,6,1,1,3,15
correlations,correlation-163,4,6,1,2,3,15
correlations,correlation-164,3,6,1,2,3,15
correlations,correlation-165,4,6,1,2,3,15
correlations,correlation-166,4,6,1,2,3,15
correlations,correlation-167,5,6,1,2,3,15
correlations,correlation-168,3,6,1,1,3,15
correlations,correlation-169,4,6,1,2,3,15
correlations,correlation-170,4,6,1,2,3,15
correlations,correlation-171,5,6,1,2,3,15
correlations,correlation-172,4,6,1,2,3,15
correlations,correlation-173,5,6,1,2,3,15
correlations,correlation-174,5,6,1,2,3,15
correlations,correlation-175,6,6,1,2,3,15
correlations,correlation-176,3,6,1,1,3,15
correlations,correlation-177,4,6,1,2,3,15
correlations,correlation-178,4,6,1,1,3,15
correlations,correlation-179,5,6,1,2,3,15
correlations,correlation-180,4,6,1,2,3,15
correlations,correlation-181,5,6,1,2,3,15
correlations,correlation-182,5,6,1,2,3,15
correlations,correlation-183,6,6,1,2,3,15
correlations,correlation-184,4,6,1,2,3,15
correlations,correlation-185,5,6,1,2,3,15
correlations,correlation-186,5,6,1,2,3,15
correlations,correlation-187,6,6,1,2,3,15
correlations,correlation-188,5,6,1,2,3,15
correlations,correlation-189,6,6,1,2,3,15
correlations,correlation-190,6,6,1,2,3,15
correlations,correlation-191,7,6,1,2,3,15
correlations,correlation-192,2,6,1,1,3,15
correlations,correlation-193,3,6,1,2,3,15
correlations,correlation-194,3,6,1,2,3,15
correlations,correlation-195,4,6,1,2,3,15
correlations,correlation-196,3,6,1,1,3,15
correlations,correlation-197,4,6,1,2,3,15
correlations,correlation-198,4,6,1,2,3,15
correlations,correlation-199,5,6,1,2,3,15
correlations,correlation-200,3,6,1,1,3,15
correlations,correlation-201,4,6,1,2,3,15
correlations,correlation-202,4,6,1,2,3,15
correlations,correlation-203,5,6,1,2,3,15
correlations,correlation-204,4,6,1,2,3,15
correlations,correlation-205,5,6,1,2,3,15
correlations,correlation-206,5,6,1,2,3,15
correlations,correlation-207,6,6,1,2,3,15
correlations,correlation-208,3,6,1,1,3,15
correlations,correlation-209,4,6,1,2,3,15
correlations,correlation-210,4,6,1,2,3,15
correlations,correlation-211,5,6,1,2,3,15
correlations,correlation-212,4,6,1,1,3,15
correlations,correlation-213,5,6,1,2,3,15
correlations,correlation-214,5,6,1,2,3,15
correlations,correlation-215,6,6,1,2,3,15
correlations,correlation-216,4,6,1,2,3,15
correlations,correlation-217,5,6,1,2,3,15
correlations,correlation-218,5,6,1,2,3,15
correlations,correlation-219,6,6,1,2,3,15
correlations,correlation-220,5,6,1,2,3,15
correlations,correlation-221,6,6,1,2,3,15
correlations,correlation-222,6,6,1,2,3,15
correlations,correlation-223,7,6,1,2,3,15
correlations,correlation-224,3,6,1,1,3,15
correlations,correlation-225,4,6,1,2,3,15
correlations,correlation-226,4,6,1,2,3,15
correlations,correlation-227,5,6,1,2,3,15
correlations,correlation-228,4,6,1,2,3,15
correlations,correlation-229,5,6,1,2,3,15
correlations,correlation-230,5,6,1,2,3,15
correlations,correlation-231,6,6,1,2,3,15
correlations,correlation-232,4,6,1,1,3,15
correlations,correlation-233,5,6,1,2,3,15
correlations,correlation-234,5,6,1,2,3,15
correlations,correlation-235,6,6,1,2,3,15
correlations,correlation-236,5,6,1,2,3,15
correlations,correlation-237,6,6,1,2,3,15
correlations,correlation-238,6,6,1,2,3,15
correlations,correlation-239,7,6,1,2,3,15
correlations,correlation-240,4,6,1,2,3,15
correlations,correlation-241,5,6,1,2,3,15
correlations,correlation-242,5,6,1,2,3,15
correlations,correlation-243,6,6,1,2,3,15
correlations,correlation-244,5,6,1,2,3,15
correlations,correlation-245,6,6,1,2,3,15
correlations,correlation-246,6,6,1,2,3,15
correlations,correlation-247,7,6,1,2,3,15
correlations,correlation-248,5,6,1,2,3,15
correlations,correlation-249,6,6,1,2,3,15
correlations,correlation-250,6,6,1,2,3,15
correlations,correlation-251,7,6,1,2,3,15
correlations,correlation-252,6,6,1,2,3,15
correlations,correlation-253,7,6,1,2,3,15
correlations,correlation-254,7,6,1,2,3,15
correlations,correlation-255,8,6,1,3,3,15
mechanisms,overwritten-read,2,3,1,0,0,2
mechanisms,correlated-xor,2,4,1,0,0,7
mechanisms,independent-xor,4,4,1,1,1,7
mechanisms,lost-write,4,4,1,1,1,6
mechanisms,alias-write,4,4,2,1,1,22
mechanisms,dynamic-address,4,3,2,0,1,20
mechanisms,branch-length,2,5,1,3,3,3
mechanisms,wraparound,4,3,2,2,2,5
mechanisms,absolute-center,3,2,3,4,7,9
mechanisms,word-center,3,2,3,1,1,9
mechanisms,weighted-debt,2,4,1,3,4,7
mechanisms,comparison-copy,4,7,2,1,2,4
chains,chain-1-0,2,2,1,1,1,3
chains,chain-1-1,2,2,1,0,0,3
chains,chain-2-0,4,4,1,2,2,7
chains,chain-2-1,4,4,1,1,1,7
chains,chain-2-2,4,4,1,0,0,5
chains,chain-3-0,8,6,1,3,3,15
chains,chain-3-1,8,6,1,2,2,15
chains,chain-3-2,8,6,1,1,1,13
chains,chain-3-3,8,6,1,0,0,9
chains,chain-4-0,16,8,1,4,4,31
chains,chain-4-1,16,8,1,3,3,31
chains,chain-4-2,16,8,1,2,2,29
chains,chain-4-3,16,8,1,1,1,25
chains,chain-4-4,16,8,1,0,0,17
chains,chain-5-0,32,10,1,5,5,63
chains,chain-5-1,32,10,1,4,4,63
chains,chain-5-2,32,10,1,3,3,61
chains,chain-5-3,32,10,1,2,2,57
chains,chain-5-4,32,10,1,1,1,49
chains,chain-5-5,32,10,1,0,0,33
chains,chain-6-0,64,12,1,6,6,127
chains,chain-6-1,64,12,1,5,5,127
chains,chain-6-2,64,12,1,4,4,125
chains,chain-6-3,64,12,1,3,3,121
chains,chain-6-4,64,12,1,2,2,113
chains,chain-6-5,64,12,1,1,1,97
chains,chain-6-6,64,12,1,0,0,65
chains,chain-7-0,128,14,1,7,7,255
chains,chain-7-1,128,14,1,6,6,255
chains,chain-7-2,128,14,1,5,5,253
chains,chain-7-3,128,14,1,4,4,249
chains,chain-7-4,128,14,1,3,3,241
chains,chain-7-5,128,14,1,2,2,225
chains,chain-7-6,128,14,1,1,1,193
chains,chain-7-7,128,14,1,0,0,129
guarded,guarded-1-diagonal,2,11,1,1,1,7
guarded,guarded-1-mixed,2,11,1,1,1,7
guarded,guarded-2-diagonal,4,20,1,1,1,23
guarded,guarded-2-mixed,4,22,1,1,1,23
guarded,guarded-3-diagonal,8,29,1,1,1,47
guarded,guarded-3-mixed,8,33,1,1,1,47
guarded,guarded-4-diagonal,16,38,1,1,1,95
guarded,guarded-4-mixed,16,46,1,1,1,95
guarded,guarded-5-diagonal,32,47,1,1,1,191
guarded,guarded-5-mixed,32,57,1,1,1,191
guarded,guarded-6-diagonal,64,56,1,1,1,383
guarded,guarded-6-mixed,64,70,1,1,1,383
timing,guarded-1-diagonal-observe-0.0,2,12,1,0,1,7
timing,guarded-1-mixed-observe-0.0,2,12,1,0,1,7
timing,guarded-2-diagonal-observe-0.0,4,21,1,0,1,31
timing,guarded-2-diagonal-observe-0.1,4,21,1,0,1,31
timing,guarded-2-diagonal-observe-1.0,4,21,1,1,1,31
timing,guarded-2-diagonal-observe-1.1,4,21,1,0,1,31
timing,guarded-2-mixed-observe-0.0,4,23,1,0,1,31
timing,guarded-2-mixed-observe-0.1,4,23,1,0,1,31
timing,guarded-2-mixed-observe-1.0,4,23,1,1,1,31
timing,guarded-2-mixed-observe-1.1,4,23,1,0,1,31
timing,guarded-3-diagonal-observe-0.0,8,30,1,0,1,79
timing,guarded-3-diagonal-observe-0.1,8,30,1,0,1,79
timing,guarded-3-diagonal-observe-0.2,8,30,1,0,1,63
timing,guarded-3-diagonal-observe-1.0,8,30,1,1,1,79
timing,guarded-3-diagonal-observe-1.1,8,30,1,0,1,79
timing,guarded-3-diagonal-observe-1.2,8,30,1,0,1,63
timing,guarded-3-diagonal-observe-2.0,8,30,1,1,1,79
timing,guarded-3-diagonal-observe-2.1,8,30,1,1,1,79
timing,guarded-3-diagonal-observe-2.2,8,30,1,0,1,63
timing,guarded-3-mixed-observe-0.0,8,34,1,0,1,79
timing,guarded-3-mixed-observe-0.1,8,34,1,0,1,79
timing,guarded-3-mixed-observe-0.2,8,34,1,0,1,63
timing,guarded-3-mixed-observe-1.0,8,34,1,1,1,79
timing,guarded-3-mixed-observe-1.1,8,34,1,0,1,79
timing,guarded-3-mixed-observe-1.2,8,34,1,0,1,63
timing,guarded-3-mixed-observe-2.0,8,34,1,1,1,79
timing,guarded-3-mixed-observe-2.1,8,34,1,1,1,79
timing,guarded-3-mixed-observe-2.2,8,34,1,0,1,63
timing,guarded-4-diagonal-observe-0.0,16,39,1,0,1,159
timing,guarded-4-diagonal-observe-0.1,16,39,1,0,1,159
timing,guarded-4-diagonal-observe-0.2,16,39,1,0,1,159
timing,guarded-4-diagonal-observe-0.3,16,39,1,0,1,127
timing,guarded-4-diagonal-observe-1.0,16,39,1,1,1,159
timing,guarded-4-diagonal-observe-1.1,16,39,1,0,1,159
timing,guarded-4-diagonal-observe-1.2,16,39,1,0,1,159
timing,guarded-4-diagonal-observe-1.3,16,39,1,0,1,127
timing,guarded-4-diagonal-observe-2.0,16,39,1,1,1,159
timing,guarded-4-diagonal-observe-2.1,16,39,1,1,1,159
timing,guarded-4-diagonal-observe-2.2,16,39,1,0,1,159
timing,guarded-4-diagonal-observe-2.3,16,39,1,0,1,127
timing,guarded-4-diagonal-observe-3.0,16,39,1,1,1,159
timing,guarded-4-diagonal-observe-3.1,16,39,1,1,1,159
timing,guarded-4-diagonal-observe-3.2,16,39,1,1,1,159
timing,guarded-4-diagonal-observe-3.3,16,39,1,0,1,127
timing,guarded-4-mixed-observe-0.0,16,47,1,0,1,159
timing,guarded-4-mixed-observe-0.1,16,47,1,0,1,159
timing,guarded-4-mixed-observe-0.2,16,47,1,0,1,159
timing,guarded-4-mixed-observe-0.3,16,47,1,0,1,127
timing,guarded-4-mixed-observe-1.0,16,47,1,1,1,159
timing,guarded-4-mixed-observe-1.1,16,47,1,0,1,159
timing,guarded-4-mixed-observe-1.2,16,47,1,0,1,159
timing,guarded-4-mixed-observe-1.3,16,47,1,0,1,127
timing,guarded-4-mixed-observe-2.0,16,47,1,1,1,159
timing,guarded-4-mixed-observe-2.1,16,47,1,1,1,159
timing,guarded-4-mixed-observe-2.2,16,47,1,0,1,159
timing,guarded-4-mixed-observe-2.3,16,47,1,0,1,127
timing,guarded-4-mixed-observe-3.0,16,47,1,1,1,159
timing,guarded-4-mixed-observe-3.1,16,47,1,1,1,159
timing,guarded-4-mixed-observe-3.2,16,47,1,1,1,159
timing,guarded-4-mixed-observe-3.3,16,47,1,0,1,127
