case,dimensions,variable_order,status,allocated_bdd_nodes,node_cap,instructions,worlds,minimum_core
guarded-1-diagonal,1,interleaved,checked,7,,11,2,2
guarded-1-diagonal,1,actions-first,checked,7,,11,2,2
guarded-1-mixed,1,interleaved,checked,7,,11,2,2
guarded-1-mixed,1,actions-first,checked,7,,11,2,2
guarded-2-diagonal,2,interleaved,checked,16,,20,4,4
guarded-2-diagonal,2,actions-first,checked,20,,20,4,4
guarded-2-mixed,2,interleaved,checked,20,,22,4,4
guarded-2-mixed,2,actions-first,checked,24,,22,4,4
guarded-3-diagonal,3,interleaved,checked,31,,29,8,8
guarded-3-diagonal,3,actions-first,checked,51,,29,8,8
guarded-3-mixed,3,interleaved,checked,41,,33,8,8
guarded-3-mixed,3,actions-first,checked,59,,33,8,8
guarded-4-diagonal,4,interleaved,checked,52,,38,16,16
guarded-4-diagonal,4,actions-first,checked,118,,38,16,16
guarded-4-mixed,4,interleaved,checked,85,,46,16,16
guarded-4-mixed,4,actions-first,checked,139,,46,16,16
guarded-5-diagonal,5,interleaved,checked,79,,47,32,32
guarded-5-diagonal,5,actions-first,checked,257,,47,32,32
guarded-5-mixed,5,interleaved,checked,134,,57,32,32
guarded-5-mixed,5,actions-first,checked,282,,57,32,32
guarded-6-diagonal,6,interleaved,checked,112,,56,64,64
guarded-6-diagonal,6,actions-first,checked,540,,56,64,64
guarded-6-mixed,6,interleaved,checked,216,,70,64,64
guarded-6-mixed,6,actions-first,checked,578,,70,64,64
guarded-7-diagonal,7,interleaved,checked,151,,65,128,128
guarded-7-diagonal,7,actions-first,checked,1111,,65,128,128
guarded-7-mixed,7,interleaved,checked,313,,81,128,128
guarded-7-mixed,7,actions-first,checked,1153,,81,128,128
guarded-8-diagonal,8,interleaved,checked,196,,74,256,256
guarded-8-diagonal,8,actions-first,checked,2258,,74,256,256
guarded-8-mixed,8,interleaved,checked,443,,94,256,256
guarded-8-mixed,8,actions-first,checked,2313,,94,256,256
guarded-9-diagonal,9,interleaved,checked,247,,83,512,512
guarded-9-diagonal,9,actions-first,checked,4557,,83,512,512
guarded-9-mixed,9,interleaved,checked,588,,105,512,512
guarded-9-mixed,9,actions-first,checked,4616,,105,512,512
guarded-10-diagonal,10,interleaved,checked,304,,92,1024,1024
guarded-10-diagonal,10,actions-first,checked,9160,,92,1024,1024
guarded-10-mixed,10,interleaved,checked,766,,118,1024,1024
guarded-10-mixed,10,actions-first,checked,9232,,118,1024,1024
guarded-11-diagonal,11,interleaved,checked,367,,101,2048,2048
guarded-11-diagonal,11,actions-first,checked,18371,,101,2048,2048
guarded-11-mixed,11,interleaved,checked,959,,129,2048,2048
guarded-11-mixed,11,actions-first,checked,18447,,129,2048,2048
guarded-12-diagonal,12,interleaved,checked,436,,110,4096,4096
guarded-12-diagonal,12,actions-first,checked,36798,,110,4096,4096
guarded-12-mixed,12,interleaved,checked,1185,,142,4096,4096
guarded-12-mixed,12,actions-first,checked,36887,,142,4096,4096
guarded-13-diagonal,13,interleaved,checked,511,,119,8192,8192
guarded-13-diagonal,13,actions-first,checked,73657,,119,8192,8192
guarded-13-mixed,13,interleaved,checked,1426,,153,8192,8192
guarded-13-mixed,13,actions-first,checked,73750,,153,8192,8192
guarded-14-diagonal,14,interleaved,checked,592,,128,16384,16384
guarded-14-diagonal,14,actions-first,checked,147380,,128,16384,16384
guarded-14-mixed,14,interleaved,checked,1700,,166,16384,16384
guarded-14-mixed,14,actions-first,checked,147486,,166,16384,16384
guarded-15-diagonal,15,interleaved,checked,679,,137,32768,32768
guarded-15-diagonal,15,actions-first,unknown-node-cap,,200000,,,
guarded-15-mixed,15,interleaved,checked,1989,,177,32768,32768
guarded-15-mixed,15,actions-first,unknown-node-cap,,200000,,,
guarded-16-diagonal,16,interleaved,checked,772,,146,65536,65536
guarded-16-diagonal,16,actions-first,unknown-node-cap,,200000,,,
guarded-16-mixed,16,interleaved,checked,2311,,190,65536,65536
guarded-16-mixed,16,actions-first,unknown-node-cap,,200000,,,
guarded-17-diagonal,17,interleaved,checked,871,,155,131072,131072
guarded-17-diagonal,17,actions-first,unknown-node-cap,,200000,,,
guarded-17-mixed,17,interleaved,checked,2648,,201,131072,131072
guarded-17-mixed,17,actions-first,unknown-node-cap,,200000,,,
guarded-18-diagonal,18,interleaved,checked,976,,164,262144,262144
guarded-18-diagonal,18,actions-first,unknown-node-cap,,200000,,,
guarded-18-mixed,18,interleaved,checked,3018,,214,262144,262144
guarded-18-mixed,18,actions-first,unknown-node-cap,,200000,,,
guarded-19-diagonal,19,interleaved,checked,1087,,173,524288,524288
guarded-19-diagonal,19,actions-first,unknown-node-cap,,200000,,,
guarded-19-mixed,19,interleaved,checked,3403,,225,524288,524288
guarded-19-mixed,19,actions-first,unknown-node-cap,,200000,,,
guarded-20-diagonal,20,interleaved,checked,1204,,182,1048576,1048576
guarded-20-diagonal,20,actions-first,unknown-node-cap,,200000,,,
guarded-20-mixed,20,interleaved,checked,3821,,238,1048576,1048576
guarded-20-mixed,20,actions-first,unknown-node-cap,,200000,,,
