case,decision,coordinate,value,worlds
guarded-1-diagonal-observe-0.0,0,0,0,2
guarded-1-mixed-observe-0.0,0,0,0,2
guarded-2-diagonal-observe-0.0,0,0,0,4
guarded-2-diagonal-observe-0.1,0,1,0,4
guarded-2-diagonal-observe-1.0,1,0,1,4
guarded-2-diagonal-observe-1.1,1,1,0,4
guarded-2-mixed-observe-0.0,0,0,0,4
guarded-2-mixed-observe-0.1,0,1,0,4
guarded-2-mixed-observe-1.0,1,0,1,4
guarded-2-mixed-observe-1.1,1,1,0,4
guarded-3-diagonal-observe-0.0,0,0,0,8
guarded-3-diagonal-observe-0.1,0,1,0,8
guarded-3-diagonal-observe-0.2,0,2,0,8
guarded-3-diagonal-observe-1.0,1,0,1,8
guarded-3-diagonal-observe-1.1,1,1,0,8
guarded-3-diagonal-observe-1.2,1,2,0,8
guarded-3-diagonal-observe-2.0,2,0,1,8
guarded-3-diagonal-observe-2.1,2,1,1,8
guarded-3-diagonal-observe-2.2,2,2,0,8
guarded-3-mixed-observe-0.0,0,0,0,8
guarded-3-mixed-observe-0.1,0,1,0,8
guarded-3-mixed-observe-0.2,0,2,0,8
guarded-3-mixed-observe-1.0,1,0,1,8
guarded-3-mixed-observe-1.1,1,1,0,8
guarded-3-mixed-observe-1.2,1,2,0,8
guarded-3-mixed-observe-2.0,2,0,1,8
guarded-3-mixed-observe-2.1,2,1,1,8
guarded-3-mixed-observe-2.2,2,2,0,8
guarded-4-diagonal-observe-0.0,0,0,0,16
guarded-4-diagonal-observe-0.1,0,1,0,16
guarded-4-diagonal-observe-0.2,0,2,0,16
guarded-4-diagonal-observe-0.3,0,3,0,16
guarded-4-diagonal-observe-1.0,1,0,1,16
guarded-4-diagonal-observe-1.1,1,1,0,16
guarded-4-diagonal-observe-1.2,1,2,0,16
guarded-4-diagonal-observe-1.3,1,3,0,16
guarded-4-diagonal-observe-2.0,2,0,1,16
guarded-4-diagonal-observe-2.1,2,1,1,16
guarded-4-diagonal-observe-2.2,2,2,0,16
guarded-4-diagonal-observe-2.3,2,3,0,16
guarded-4-diagonal-observe-3.0,3,0,1,16
guarded-4-diagonal-observe-3.1,3,1,1,16
guarded-4-diagonal-observe-3.2,3,2,1,16
guarded-4-diagonal-observe-3.3,3,3,0,16
guarded-4-mixed-observe-0.0,0,0,0,16
guarded-4-mixed-observe-0.1,0,1,0,16
guarded-4-mixed-observe-0.2,0,2,0,16
guarded-4-mixed-observe-0.3,0,3,0,16
guarded-4-mixed-observe-1.0,1,0,1,16
guarded-4-mixed-observe-1.1,1,1,0,16
guarded-4-mixed-observe-1.2,1,2,0,16
guarded-4-mixed-observe-1.3,1,3,0,16
guarded-4-mixed-observe-2.0,2,0,1,16
guarded-4-mixed-observe-2.1,2,1,1,16
guarded-4-mixed-observe-2.2,2,2,0,16
guarded-4-mixed-observe-2.3,2,3,0,16
guarded-4-mixed-observe-3.0,3,0,1,16
guarded-4-mixed-observe-3.1,3,1,1,16
guarded-4-mixed-observe-3.2,3,2,1,16
guarded-4-mixed-observe-3.3,3,3,0,16
