key,title,publication,year,identifier,verification_url,verification_basis,access_date
rinard2004,Enhancing Server Availability and Security Through Failure-Oblivious Computing,OSDI,2004,USENIX record,https://www.usenix.org/conference/osdi-04/enhancing-server-availability-and-security-through-failure-oblivious-computing,"publisher record and readable full text; title, authors, venue, year, and pages checked",2026-09-17
qlose,QLOSE: Program Repair with Quantitative Objectives,CAV,2016,10.1007/978-3-319-41540-6_21,https://doi.org/10.1007/978-3-319-41540-6_21,"DOI/publisher metadata; title, authors, venue, LNCS volume, year, and pages checked",2026-09-17
shields,Synthesis of Minimum-Cost Shields for Multi-agent Systems,ACC,2019,10.23919/ACC.2019.8815233,https://doi.org/10.23919/ACC.2019.8815233,"DOI/publisher metadata; title, authors, venue, year, and pages checked",2026-09-17
hyper,Syntax-Guided Automated Program Repair for Hyperproperties,CAV,2024,10.1007/978-3-031-65633-0_1,https://doi.org/10.1007/978-3-031-65633-0_1,"DOI/publisher metadata; title, authors, venue, LNCS volume, year, and pages checked",2026-09-17
helly,The Helly Number of Hamming Balls and Related Problems,arXiv,2024,arXiv:2405.10275,https://arxiv.org/abs/2405.10275,"author-submitted record and full text; title, authors, date, identifier, and cited theorem numbers checked",2026-09-17
foexplore,Exhaustive Exploration of the Failure-Oblivious Computing Search Space,ICST,2018,10.1109/ICST.2018.00023,https://doi.org/10.1109/ICST.2018.00023,"DOI/publisher metadata and author manuscript; title, authors, venue, year, and pages checked",2026-09-17
relax,Proving Acceptability Properties of Relaxed Nondeterministic Approximate Programs,PLDI,2012,10.1145/2254064.2254086,https://doi.org/10.1145/2254064.2254086,"DOI/publisher metadata and full text; title, authors, venue, year, and pages checked",2026-09-17
perez,The Fixed Initial Credit Problem for Partial-Observation Energy Games is Ack-Complete,Information Processing Letters,2017,10.1016/j.ipl.2016.10.005,https://doi.org/10.1016/j.ipl.2016.10.005,"DOI/publisher metadata and author manuscript; title, author, journal, year, volume, and pages checked",2026-09-17
ddmin,Simplifying and Isolating Failure-Inducing Input,IEEE TSE,2002,10.1109/32.988498,https://doi.org/10.1109/32.988498,"DOI/publisher metadata; title, authors, journal, year, volume, issue, and pages checked",2026-09-17
unreal,Exact and Approximate Methods for Proving Unrealizability of Syntax-Guided Synthesis Problems,PLDI,2020,10.1145/3385412.3385979,https://doi.org/10.1145/3385412.3385979,"DOI/publisher metadata and full text; title, authors, venue, year, and pages checked",2026-09-17
jha,A Theory of Formal Synthesis via Inductive Learning,Acta Informatica,2017,10.1007/s00236-017-0294-5,https://doi.org/10.1007/s00236-017-0294-5,"DOI/publisher metadata and author manuscript; title, authors, journal, year, volume, issue, and pages checked",2026-09-17
baumeler,Computational Tameness of Classical Non-Causal Models,Proceedings of the Royal Society A,2018,10.1098/rspa.2017.0698,https://doi.org/10.1098/rspa.2017.0698,"DOI/publisher metadata and full text; title, authors, journal, year, volume, issue, and article number checked",2026-09-17
ctl,Computation Tree Logic Guided Program Repair,IEEE TSE,2026,10.1109/TSE.2025.3625772,https://doi.org/10.1109/TSE.2025.3625772,"DOI/IEEE metadata; title, authors, final journal volume, issue, year, and pages checked",2026-09-17
genprog,GenProg: A Generic Method for Automatic Software Repair,IEEE TSE,2012,10.1109/TSE.2011.104,https://doi.org/10.1109/TSE.2011.104,"DOI/IEEE metadata; title, authors, journal, year, volume, issue, and pages checked",2026-09-17
manybugs,The ManyBugs and IntroClass Benchmarks for Automated Repair of C Programs,IEEE TSE,2015,10.1109/TSE.2015.2454513,https://doi.org/10.1109/TSE.2015.2454513,"DOI/IEEE metadata; title, authors, journal, year, volume, issue, and pages checked",2026-09-17
semfix,SemFix: Program Repair via Semantic Analysis,ICSE,2013,10.1109/ICSE.2013.6606623,https://doi.org/10.1109/ICSE.2013.6606623,"DOI/publisher metadata; title, authors, venue, year, and pages checked",2026-09-17
angelix,Angelix: Scalable Multiline Program Patch Synthesis via Symbolic Analysis,ICSE,2016,10.1145/2884781.2884807,https://doi.org/10.1145/2884781.2884807,"DOI/publisher metadata; title, authors, venue, year, and pages checked",2026-09-17
nopol,Nopol: Automatic Repair of Conditional Statement Bugs in Java Programs,IEEE TSE,2017,10.1109/TSE.2016.2560811,https://doi.org/10.1109/TSE.2016.2560811,"DOI/IEEE metadata; title, authors, journal, year, volume, issue, and pages checked",2026-09-17
arja,ARJA: Automated Repair of Java Programs via Multi-Objective Genetic Programming,IEEE TSE,2020,10.1109/TSE.2018.2874648,https://doi.org/10.1109/TSE.2018.2874648,"DOI/IEEE metadata; title, authors, journal, year, volume, issue, and pages checked",2026-09-17
quality,Quality of Automated Program Repair on Real-World Defects,IEEE TSE,2022,10.1109/TSE.2020.2998785,https://doi.org/10.1109/TSE.2020.2998785,"DOI/IEEE metadata; title, authors, final journal year, volume, issue, and pages checked",2026-09-17
sos,SOSRepair: Expressive Semantic Search for Real-World Program Repair,IEEE TSE,2021,10.1109/TSE.2019.2944914,https://doi.org/10.1109/TSE.2019.2944914,"DOI/IEEE metadata; title, authors, final journal year, volume, issue, and pages checked",2026-09-17
intrepair,IntRepair: Informed Repairing of Integer Overflows,IEEE TSE,2021,10.1109/TSE.2019.2946148,https://doi.org/10.1109/TSE.2019.2946148,"DOI/IEEE metadata; title, authors, final journal year, volume, issue, and pages checked",2026-09-17
chaos,A Chaos Engineering System for Live Analysis and Falsification of Exception-Handling in the JVM,IEEE TSE,2021,10.1109/TSE.2019.2954871,https://doi.org/10.1109/TSE.2019.2954871,"DOI/IEEE metadata; title, authors, final journal year, volume, issue, and pages checked",2026-09-17
ods,Automated Classification of Overfitting Patches with Statically Extracted Code Features,IEEE TSE,2022,10.1109/TSE.2021.3071750,https://doi.org/10.1109/TSE.2021.3071750,"DOI/IEEE metadata; title, authors, final journal year, volume, issue, and pages checked",2026-09-17
s4eq,Self-Supervised Learning to Prove Equivalence Between Straight-Line Programs via Rewrite Rules,IEEE TSE,2023,10.1109/TSE.2023.3271065,https://doi.org/10.1109/TSE.2023.3271065,"DOI/IEEE metadata; title, authors, journal, year, volume, issue, and pages checked",2026-09-17
bryant,Graph-Based Algorithms for Boolean Function Manipulation,IEEE Transactions on Computers,1986,10.1109/TC.1986.1676819,https://doi.org/10.1109/TC.1986.1676819,"DOI/IEEE metadata; title, author, journal, year, volume, issue, and pages checked",2026-09-17
liffiton,Algorithms for Computing Minimal Unsatisfiable Subsets of Constraints,Journal of Automated Reasoning,2008,10.1007/s10817-007-9084-z,https://doi.org/10.1007/s10817-007-9084-z,"DOI/publisher metadata; title, authors, journal, year, volume, issue, and pages checked",2026-09-17
cores,Performance Heuristics for GR(1) Unrealizable Core Computation,Formal Methods,2026,10.1007/978-3-032-26220-2_9,https://doi.org/10.1007/978-3-032-26220-2_9,"DOI/publisher metadata; title, authors, venue, year, and pages checked",2026-09-17
shepherd,Automatic Runtime Error Repair and Containment via Recovery Shepherding,PLDI,2014,10.1145/2594291.2594337,https://doi.org/10.1145/2594291.2594337,"DOI/ACM proceedings metadata; title, authors, venue, year, and pages checked",2026-09-17
acceptability,Acceptability-Oriented Computing,MIT technical report,2004,hdl:1721.1/3846,https://hdl.handle.net/1721.1/3846,"institutional repository record and full text; title, author, institution, date, and persistent identifier checked",2026-09-17
