claim_id,claim,theorem_or_lemma,proof_or_implementation,checker_or_source,experiment,figure_or_table,raw_result,maturity_state,fresh_recheck
C01,Fixed-world exact minimax value,Proposition 1; main th:dp,proofs/semantic-boundary.md; repair/solve.py,repair/check.py; repair/oracle.py,"374 explicit instances, 349 exact-path oracle",tab:coverage,results/chunks; results/certificates; results/replays,proved mathematical; finite checked,final audit recomputed 374 certificates/replays and all 349 stored exact-oracle results
C02,Common-map Hamming constraint compression <= 2^(B+1),Corollary 2; main th:helly,proofs/semantic-boundary.md,Alon–Jin–Sudakov Theorem 1.2 and inverse-image argument,"attributed mathematical argument, not new empirical result",none,not applicable,attributed corollary; proved,n>B requirement and B>=n vacuity rechecked
C03,Zero-budget one-output-bit minimum world core 2^d; 9d+2 instructions,Theorem 3; main th:exponential,proofs/semantic-boundary.md; repair/cases.py,repair/check.py; repair/oracle.py,12 explicit guarded cases; 252 deletion checks,tab:coverage,results/chunks/guarded-*.json,proved for finite-size schema; finite checked instances,"final clean run reproduced 12 guarded cases, 252 deletions, and the instruction-count witness"
C04,Observation-timing exact dichotomy and two-tail policy,Theorem 7; main th:dichotomy,proofs/semantic-boundary.md,repair/campaign.py; repair/symbolic.py; repair/campaign.py,98304 abstract games; 60 program timing cases,fig:timing,results/chunks/abstract-*.json; results/chunks/timing-*.json,proved mathematical; exhaustive small finite checks,"final audit accounted for all 98,304 games and replayed all 40 positive two-tail witnesses"
C05,Affine sensor future-column condition under all-observation premise,Corollary 8; main eq:sensor,proofs/semantic-boundary.md,repair/symbolic.py,60 timing programs; affine premise mutations,fig:timing,results/chunks/timing-*.json; results/assurance.json,proved specialization; finite checked,expanded assurance rejects malformed affine premises and mutated two-tail policies; clean outcomes agree
C06,Compatible path maps are exactly uniform-policy realizable,Proposition 6; main th:oracle,proofs/semantic-boundary.md; repair/oracle.py,checker VM shared with path oracle; not third independent semantics,349 explicit instances,tab:coverage,results/chunks,proved mathematical; finite checked,final audit recomputed all 349 compatible-path exact oracles from retained inputs
C07,All 98304 two-choice games classify: 95232 feasible and 3072 obstructed,main sec:eval,repair/campaign.py; repair/campaign.py,separate finite policy enumeration and positive witness replay,24 bijections x 16 first-observation x 256 second-observation tables,tab:coverage,results/chunks/abstract-*.json,measured exhaustive finite result,"all 98,304 retained outcome rows and aggregate counts agree in the clean structural comparison"
C08,80 symbolic configurations: 68 checked and 12 unknown,main sec:eval,repair/symbolic.py; repair/campaign.py,fixed node cap; no rescaled cap,d=1..20; two families; two orders,tab:symbolic; fig:nodes,results/tables/symbolic.csv; results/chunks/symbolic-*.json,"measured finite symbolic result, not general size bound",all 80 rows reproduced; 68 checked and 12 remained unknown-node-cap under the fixed cap
C09,"Mixed d=20: 238 instructions, 3821 nodes, core 1048576",main sec:eval,repair/symbolic.py,healthy output/actual equality/rank/observations checked,one implicit full Boolean cube,fig:nodes,inputs/implicit/guarded-20-mixed.json; results/chunks/symbolic-39.json,finite symbolic checked plus theorem; no explicit million-world replay,documented symbolic CLI and clean chunk 39 reproduce the d=20 mixed result
C10,16 assurance groups pass including false certificate/premise mutations,main sec:assurance and sec:eval,tests/test_assurance.py; repair/assurance.py,two VM semantics and targeted mutation rejection,"16 unittest groups, no statistical confidence interpretation",none,results/assurance.json,finite checked tests,"16 groups pass after branch-to-end, halt-before-emit, solver/oracle differential, and two-tail mutation additions"
C11,Zero replacement is strictly worse on 208 of 374 explicit instances,main sec:eval,repair/campaign.py; repair/aggregate.py,exact value versus common all-zero policy on same domain,not independent workload samples,tab:coverage,results/summary.json; results/chunks,measured generated-case count only,all 374 baseline comparisons and derived table values agree after resource normalization
C12,Inclusion-minimal is not minimum: size4 versus size2 example,main sec:eval,tests/test_assurance.py::test_minimal_is_not_minimum,exhaustive subsets of specified five-word domain,budget1 unweighted Hamming,none,results/assurance.json,proved/example finite checked,the exhaustive five-word counterexample test passes in the final clean assurance run
C13,Full-trace loss preserves correlations; reset/local maxima can mislead,main eq:local,proofs/semantic-boundary.md,tests/test_assurance.py,"one-hot words, reset counterexample, correlated-xor",none,results/assurance.json; results/replays/correlated-xor.json,elementary proof and finite counterexamples,"loss calculations, reset counterexample, and correlated-xor replay pass in the final clean run"
C14,Standalone clean scientific reproduction without external downloads,main sec:eval,reproduce.sh; README.md,clean extraction and semantic structural comparison,100 chunks resumed after wall interruptions,none,results/reproduction.json; docs/resources.md,"re-executed and compared, not independent authoring","fresh ZIP extraction regenerated all evidence; 1,374 scientific files matched with zero scientific differences"
C15,Accepted complete value evidence certifies exact finite optimum and attaining policy,Proposition 9; main th:certificate,proofs/semantic-boundary.md,repair/check.py; targeted false-certificate mutations,374 explicit certificates and targeted false-certificate mutations,none,results/certificates; results/assurance.json,"proved format argument; finite executable checks, not mechanized Python proof",final audit accepted all 374 complete certificates/replays; targeted false-certificate mutations were rejected
C16,"The declared 1,024-world explicit interface is handled without one Python call frame per world; a valid boundary case has solver/checker/oracle value 0, controlled semantic resource exhaustion is unknown, and malformed input is rejected",implementation boundary; no mathematical theorem,repair/oracle.py; repair/cli.py; repair/errors.py,tests/test_assurance.py::SchemaTests.test_resource_caps_are_unknown,"1,024 no-fault worlds; small normal/resource/malformed CLI regression",none,results/oracle-1024-boundary-pre-fix.json; results/oracle-1024-boundary-regression.json; results/oracle-1024-existing-evidence-comparison.json,observed implementation defect; repaired and finite checked,16 assurance groups pass; final audit recomputed 374 certificates/replays and 349 existing exact oracles; 899 retained evidence files and 374 root inputs had no byte mismatch
