name,scholarly_or_official_url,license,access_date,resource_type,acquisition_method,integration_mode,supported_claim,internals_modified
"Failure-oblivious computing (Rinard et al., OSDI 2004)",https://www.usenix.org/conference/osdi-04/enhancing-server-availability-and-security-through-failure-oblivious-computing,"publisher/author copyright; metadata and full text consulted, PDF not bundled",2026-09-17,scholarly paper,web inspection,citation and historical comparison,"manufactured read values, discarded writes, application-level continuation, and stated limitations",no
QLOSE,https://doi.org/10.1007/978-3-319-41540-6_21,"publisher copyright; metadata/full text consulted, not bundled",2026-09-17,scholarly paper,web inspection,citation and closest-work comparison,quantitative repair objectives are prior work,no
Minimum-cost shields,https://doi.org/10.23919/ACC.2019.8815233,"publisher copyright; metadata/full text consulted, not bundled",2026-09-17,scholarly paper,web inspection,citation and closest-work comparison,cost-optimal intervention subject to formal requirements,no
Syntax-guided repair for hyperproperties,https://doi.org/10.1007/978-3-031-65633-0_1,"publisher copyright; metadata/full text consulted, not bundled",2026-09-17,scholarly paper,web inspection,citation and closest-work comparison,multi-trace behavioral preservation and transparency,no
Helly number of Hamming balls,https://arxiv.org/abs/2405.10275,arXiv distribution terms; paper not bundled,2026-09-17,scholarly preprint,web inspection,attributed theorem only,common-map Hamming intersection bound and antipodal lower example,no
Failure-oblivious search-space exploration,https://doi.org/10.1109/ICST.2018.00023,arXiv distribution terms; paper not bundled,2026-09-17,scholarly preprint/paper,web inspection,citation and comparison,enumeration of failure-oblivious decisions with an execution oracle,no
Relaxed nondeterministic approximate programs,https://doi.org/10.1145/2254064.2254086,ACM copyright; author manuscript also available under repository terms; not bundled,2026-09-17,scholarly paper,web inspection,citation and comparison,acceptability relations between original and relaxed executions,no
Partial-observation energy games,https://doi.org/10.1016/j.ipl.2016.10.005,arXiv distribution terms; paper not bundled,2026-09-17,scholarly preprint/paper,web inspection,citation and comparison,observation-based strategies and state-indexed quantitative information,no
Delta debugging,https://doi.org/10.1109/32.988498,IEEE copyright; paper not bundled,2026-09-17,scholarly paper,web inspection,citation and comparison,inclusion-minimal failure-inducing inputs,no
Exact and approximate SyGuS unrealizability,https://doi.org/10.1145/3385412.3385979,ACM copyright; paper not bundled,2026-09-17,scholarly paper,web inspection,citation and comparison,finite examples as unrealizability evidence and their limits,no
Formal synthesis via inductive learning,https://doi.org/10.1007/s00236-017-0294-5,arXiv distribution terms; paper not bundled,2026-09-17,scholarly preprint,web inspection,citation and comparison,teaching-dimension/query-complexity connection,no
Computational tameness of classical non-causal models,https://doi.org/10.1098/rspa.2017.0698,Royal Society copyright/open-access terms at publisher; paper not bundled,2026-09-17,scholarly paper,web inspection,citation and conceptual comparison,unique fixed-point condition in a different computational model,no
Computation Tree Logic Guided Program Repair,https://doi.org/10.1109/TSE.2025.3625772,"IEEE copyright; author preprint/data link consulted, not bundled",2026-09-17,scholarly paper,web inspection,citation and current closest-work comparison,specification-guided repair beyond tests,no
GenProg,https://doi.org/10.1109/TSE.2011.104,IEEE copyright; paper not bundled,2026-09-17,scholarly paper,web inspection,citation and calibration,test-guided generic program repair,no
ManyBugs and IntroClass,https://doi.org/10.1109/TSE.2015.2454513,IEEE copyright; paper not bundled,2026-09-17,scholarly paper,web inspection,citation and calibration,repair benchmark breadth,no
Nopol,https://doi.org/10.1109/TSE.2016.2560811,"IEEE copyright; author preprint available, not bundled",2026-09-17,scholarly paper,web inspection,citation and calibration,conditional repair using runtime observations and constraints,no
ARJA,https://doi.org/10.1109/TSE.2018.2874648,IEEE copyright; paper not bundled,2026-09-17,scholarly paper,web inspection,citation and calibration,multi-objective genetic program repair,no
Quality of automated program repair,https://doi.org/10.1109/TSE.2020.2998785,IEEE copyright; paper not bundled,2026-09-17,scholarly paper,web inspection,citation and calibration,independent tests and patch quality,no
SOSRepair,https://doi.org/10.1109/TSE.2019.2944914,IEEE copyright; paper not bundled,2026-09-17,scholarly paper,web inspection,citation and calibration,semantic snippet search and test-oracle limits,no
IntRepair,https://doi.org/10.1109/TSE.2019.2946148,"IEEE copyright; author preprint available, not bundled",2026-09-17,scholarly paper,web inspection,citation and calibration,repair and validation for integer overflow,no
ChaosMachine,https://doi.org/10.1109/TSE.2019.2954871,"IEEE copyright; author preprint available, not bundled",2026-09-17,scholarly paper,web inspection,citation and calibration,workload-based exception-handling falsification,no
ODS overfitting-patch classification,https://doi.org/10.1109/TSE.2021.3071750,"IEEE copyright; author preprint available, not bundled",2026-09-17,scholarly paper,web inspection,citation and calibration,learned overfitting classification is not all-world proof,no
S4Eq,https://doi.org/10.1109/TSE.2023.3271065,IEEE copyright; paper not bundled,2026-09-17,scholarly paper,web inspection,citation and calibration,separation of proposed rewrites from checked validity,no
GR(1) unrealizable-core heuristics,https://doi.org/10.1007/978-3-032-26220-2_9,publisher copyright; paper not bundled,2026-09-17,scholarly paper,web inspection,citation and comparison,inclusion-minimal unrealizable specification cores,no
Recovery shepherding,https://doi.org/10.1145/2594291.2594337,ACM copyright; paper not bundled,2026-09-17,scholarly paper,web inspection,citation and historical comparison,runtime repair propagation and containment,no
Acceptability-Oriented Computing,https://hdl.handle.net/1721.1/3846,"MIT repository/publisher copyright; full text consulted, not bundled",2026-09-17,scholarly technical report/paper,web inspection,citation and historical comparison,explicit acceptability properties distinguish continued execution from the behavioral contract,no
Research in Program Repair and Approximate Computing: A Retrospective,https://doi.org/10.1109/ICSE55347.2025.00257,IEEE copyright; paper not bundled,2026-09-17,scholarly retrospective/award talk paper,web inspection,lineage and calibration only,continuity of program repair and approximate-computing research; not an original technical ancestor for this result,no
TSE author information,https://www.computer.org/csdl/journal/ts/write-for-us/15090?title=Author%20Information&periodical=IEEE%20Transactions%20on%20Software%20Engineering,official IEEE Computer Society web terms,2026-09-17,official venue policy,web inspection,workflow rule verification,journal-specific author-information entry; dynamic body not reliably readable in final environment,no
IEEE Computer Society author resources,https://www.computer.org/publications/author-resources,official IEEE Computer Society web terms,2026-09-17,official publisher policy,web inspection,workflow rule verification,"template, abstract, supplement, file-size, and overlength-policy context",no
IEEE Template Selector,https://template-selector.ieee.org/,official IEEE web terms,2026-09-17,official template service,web inspection and supplied archive,template provenance,publisher journal submission family,no
IEEEtran class V1.8b,https://ctan.org/pkg/ieeetran,LaTeX Project Public License 1.3; notices retained,2026-09-17,publisher-family class asset,supplied archive; header inspection,unmodified integration in paper/,journal two-column layout,no
SemFix,https://doi.org/10.1109/ICSE.2013.6606623,IEEE copyright; paper not bundled,2026-09-17,scholarly paper,web inspection,citation and repair-method comparison,semantic analysis is established prior work for program repair,no
Angelix,https://doi.org/10.1145/2884781.2884807,ACM copyright; paper not bundled,2026-09-17,scholarly paper,web inspection,citation and repair-method comparison,symbolic multiline patch synthesis is established prior work,no
Graph-Based Algorithms for Boolean Function Manipulation,https://doi.org/10.1109/TC.1986.1676819,IEEE copyright; paper not bundled,2026-09-17,scholarly paper,web inspection,citation for representation background,canonical reduced ordered BDD representation and algorithms,no
Algorithms for Computing Minimal Unsatisfiable Subsets of Constraints,https://doi.org/10.1007/s10817-007-9084-z,publisher copyright; paper not bundled,2026-09-17,scholarly paper,web inspection,citation and core-notion comparison,inclusion-minimal unsatisfiable constraint subsets are distinct from minimum-cardinality cores,no
